[{"model": "contenttypes.contenttype", "pk": 1, "fields": {"app_label": "admin", "model": "logentry"}}, {"model": "contenttypes.contenttype", "pk": 2, "fields": {"app_label": "auth", "model": "permission"}}, {"model": "contenttypes.contenttype", "pk": 3, "fields": {"app_label": "auth", "model": "group"}}, {"model": "contenttypes.contenttype", "pk": 4, "fields": {"app_label": "auth", "model": "user"}}, {"model": "contenttypes.contenttype", "pk": 5, "fields": {"app_label": "contenttypes", "model": "contenttype"}}, {"model": "contenttypes.contenttype", "pk": 6, "fields": {"app_label": "sessions", "model": "session"}}, {"model": "contenttypes.contenttype", "pk": 7, "fields": {"app_label": "muse", "model": "album"}}, {"model": "contenttypes.contenttype", "pk": 8, "fields": {"app_label": "muse", "model": "category"}}, {"model": "contenttypes.contenttype", "pk": 9, "fields": {"app_label": "muse", "model": "events"}}, {"model": "contenttypes.contenttype", "pk": 10, "fields": {"app_label": "muse", "model": "slider_images"}}, {"model": "contenttypes.contenttype", "pk": 11, "fields": {"app_label": "muse", "model": "song"}}, {"model": "contenttypes.contenttype", "pk": 12, "fields": {"app_label": "muse", "model": "comments"}}, {"model": "contenttypes.contenttype", "pk": 13, "fields": {"app_label": "muse", "model": "sales"}}, {"model": "contenttypes.contenttype", "pk": 14, "fields": {"app_label": "easy_thumbnails", "model": "source"}}, {"model": "contenttypes.contenttype", "pk": 15, "fields": {"app_label": "easy_thumbnails", "model": "thumbnail"}}, {"model": "contenttypes.contenttype", "pk": 16, "fields": {"app_label": "easy_thumbnails", "model": "thumbnaildimensions"}}, {"model": "contenttypes.contenttype", "pk": 17, "fields": {"app_label": "muse", "model": "sitedata"}}, {"model": "contenttypes.contenttype", "pk": 18, "fields": {"app_label": "muse", "model": "artistprofile"}}, {"model": "contenttypes.contenttype", "pk": 19, "fields": {"app_label": "muse", "model": "team"}}, {"model": "sessions.session", "pk": "f4eakx9d2rxnf89iozt6zmxxy8hds4sh", "fields": {"session_data": "N2YzNjgxMDFhZjA2OTk0M2NkOGMyOGQ4MDU5OTI4ODc4NzIyMGJlNTp7Il9hdXRoX3VzZXJfaWQiOiIxIiwiX2F1dGhfdXNlcl9iYWNrZW5kIjoiZGphbmdvLmNvbnRyaWIuYXV0aC5iYWNrZW5kcy5Nb2RlbEJhY2tlbmQiLCJfYXV0aF91c2VyX2hhc2giOiI2YTE2NzEzZmU0ZmU5NGM5ZDkyMTEyOTdhZWI2NzQ2NmQ0ZTliZTNmIn0=", "expire_date": "2022-06-11T12:26:32.885Z"}}, {"model": "sessions.session", "pk": "ief76wubbhch1a9teo3tn28imxoqy4l1", "fields": {"session_data": "N2YzNjgxMDFhZjA2OTk0M2NkOGMyOGQ4MDU5OTI4ODc4NzIyMGJlNTp7Il9hdXRoX3VzZXJfaWQiOiIxIiwiX2F1dGhfdXNlcl9iYWNrZW5kIjoiZGphbmdvLmNvbnRyaWIuYXV0aC5iYWNrZW5kcy5Nb2RlbEJhY2tlbmQiLCJfYXV0aF91c2VyX2hhc2giOiI2YTE2NzEzZmU0ZmU5NGM5ZDkyMTEyOTdhZWI2NzQ2NmQ0ZTliZTNmIn0=", "expire_date": "2022-05-27T07:37:42.381Z"}}, {"model": "sessions.session", "pk": "qns2m3caljujqd8zs1hm2ljymmqxsmak", "fields": {"session_data": "N2YzNjgxMDFhZjA2OTk0M2NkOGMyOGQ4MDU5OTI4ODc4NzIyMGJlNTp7Il9hdXRoX3VzZXJfaWQiOiIxIiwiX2F1dGhfdXNlcl9iYWNrZW5kIjoiZGphbmdvLmNvbnRyaWIuYXV0aC5iYWNrZW5kcy5Nb2RlbEJhY2tlbmQiLCJfYXV0aF91c2VyX2hhc2giOiI2YTE2NzEzZmU0ZmU5NGM5ZDkyMTEyOTdhZWI2NzQ2NmQ0ZTliZTNmIn0=", "expire_date": "2022-06-04T12:53:50.315Z"}}, {"model": "muse.events", "pk": 1, "fields": {"name": "first event", "slug": "first-event", "image": "events_images/1_rKWbuow.jpg", "event_by": "tg music", "about_event": "David Stanek has been developing software professionally for over 22 years.\r\nHe currently enjoys building distributed systems with Kubernetes and cloud\r\ntechnologies. Python has been his language of choice for over 19 years, but he also\r\nenjoys writing in Go and other specialized languages. In recent years, he has been\r\ninvolved with various cloud-related projects and enjoys the challenges of running\r\napplications at scale. For him, there's nothing better than writing a web service in\r\nPython, deploying it on infrastructure orchestrated with Terraform, and automating\r\nits business processes with Ansible.\r\nDavid spends much of his free work time working on open source projects and\r\nsharpening his technical skills. He enjoys teaching, reading technical books, and\r\nlistening to a variety of podcasts and audio books. When he's not working, he enjoys\r\nspending time with his beautiful wife, four wonderful children, and miniature\r\ndachshund.", "event_date": "2022-05-04T04:16:27Z", "event_venue": "city sports bar"}}, {"model": "muse.slider_images", "pk": 1, "fields": {"image_1": "slider_images/b1_aXhtIkH.jpg", "tag_line_1": "The best platform for all  your hot local music", "slug": "welcome-ingoma", "image_2": "slider_images/ingoma_logo_jfvFDBe.jpg", "tag_line_2": "Find more and innovative music"}}, {"model": "muse.category", "pk": 1, "fields": {"name": "Zim Hip Hop", "slug": "zim-hip-hop", "image": "category_images/263779225274_status_54f0c0f80d9b4bd381c54c71ddecf436_eODeDOM.jpg", "about_category": "zim hip hop"}}, {"model": "muse.category", "pk": 2, "fields": {"name": "zim dancehall", "slug": "zim-dancehall", "image": "category_images/263782901796_status_0616a61ff99a4401afd42e4da5890b5a.jpg", "about_category": "zim dancehall"}}, {"model": "muse.category", "pk": 3, "fields": {"name": "Gospel", "slug": "gospel", "image": "category_images/263775263456_status_0fb67dd1829c499c913e6fd5ecf38983_zHewIwp.jpg", "about_category": "ZIM GOSPEL"}}, {"model": "muse.category", "pk": 4, "fields": {"name": "Pop", "slug": "pop", "image": "category_images/Wendy_20200412_214834.jpg", "about_category": "zim pop"}}, {"model": "muse.category", "pk": 5, "fields": {"name": "amaPiano", "slug": "amapiano", "image": "category_images/TanyaHailgod_20200404_155534_OYAJiAw.jpg", "about_category": "AMAPIANO"}}, {"model": "muse.category", "pk": 6, "fields": {"name": "Alternate", "slug": "alternate", "image": "category_images/Tinotenda_20200413_145046_TAI0RrJ.jpg", "about_category": "Zim Alternate"}}, {"model": "muse.comments", "pk": 1, "fields": {"song": 2, "name": "donewell", "email": "cele@gmail.com", "body": "ddnt  kow tthat", "created": "2022-05-09T19:53:52.159Z", "updated": "2022-05-09T19:53:52.159Z", "active": true}}, {"model": "muse.comments", "pk": 2, "fields": {"song": 2, "name": "donewell", "email": "danielheart@gmail.com", "body": "comment 2", "created": "2022-05-09T20:29:16.382Z", "updated": "2022-05-09T20:29:16.382Z", "active": true}}, {"model": "muse.comments", "pk": 3, "fields": {"song": 2, "name": "donewell", "email": "danielheart@gmail.com", "body": "paranoia is not good", "created": "2022-05-12T04:30:44.012Z", "updated": "2022-05-12T04:30:44.012Z", "active": true}}, {"model": "muse.comments", "pk": 4, "fields": {"song": 1, "name": "Donewell Moyo", "email": "donewellhart@gmail.com", "body": "not a bad song", "created": "2022-05-18T07:55:58.447Z", "updated": "2022-05-18T07:55:58.447Z", "active": true}}, {"model": "muse.comments", "pk": 5, "fields": {"song": 1, "name": "Donewell Moyo", "email": "donewellhart@gmail.com", "body": "count check", "created": "2022-05-18T08:35:21.069Z", "updated": "2022-05-18T08:35:21.069Z", "active": true}}, {"model": "muse.comments", "pk": 6, "fields": {"song": 21, "name": "Donewell Moyo", "email": "donewellhart@gmail.com", "body": "kkakk jdjdjdk kakak ddnnd dddmd", "created": "2022-05-30T16:35:47.576Z", "updated": "2022-05-30T16:35:47.576Z", "active": true}}, {"model": "muse.sitedata", "pk": 2, "fields": {"slug": "site-data", "exchange_rate": "460.0", "disk_image": "disk_image/disk.png", "quote_one": "music quote one", "quote_two": "music quote2", "what_we_do": "what we do", "why_work_with_us": "why work with us", "where_we_are": "where we are"}}, {"model": "muse.team", "pk": 1, "fields": {"name": "Donewell Moyo", "image": "team/263778184070_status_1d02a1570f7a48d187c20012691f7541.jpg", "active_role": "Developer"}}, {"model": "easy_thumbnails.source", "pk": 1, "fields": {"storage_hash": "f9bde26a1556cd667f742bd34ec7c55e", "name": "category_images/Tinotenda_20200413_145046_TAI0RrJ.jpg", "modified": "2022-05-11T16:41:57.250Z"}}, {"model": "easy_thumbnails.source", "pk": 2, "fields": {"storage_hash": "f9bde26a1556cd667f742bd34ec7c55e", "name": "category_images/263775263456_status_0fb67dd1829c499c913e6fd5ecf38983_zHewIwp.jpg", "modified": "2022-05-11T16:41:57.953Z"}}, {"model": "easy_thumbnails.source", "pk": 3, "fields": {"storage_hash": "f9bde26a1556cd667f742bd34ec7c55e", "name": "category_images/Wendy_20200412_214834.jpg", "modified": "2022-05-11T16:41:58.537Z"}}, {"model": "easy_thumbnails.source", "pk": 4, "fields": {"storage_hash": "f9bde26a1556cd667f742bd34ec7c55e", "name": "category_images/263779225274_status_54f0c0f80d9b4bd381c54c71ddecf436_eODeDOM.jpg", "modified": "2022-05-11T16:41:59.093Z"}}, {"model": "easy_thumbnails.source", "pk": 5, "fields": {"storage_hash": "f9bde26a1556cd667f742bd34ec7c55e", "name": "category_images/TanyaHailgod_20200404_155534_OYAJiAw.jpg", "modified": "2022-05-11T16:41:59.624Z"}}, {"model": "easy_thumbnails.source", "pk": 6, "fields": {"storage_hash": "f9bde26a1556cd667f742bd34ec7c55e", "name": "category_images/263782901796_status_0616a61ff99a4401afd42e4da5890b5a.jpg", "modified": "2022-05-11T16:42:00.374Z"}}, {"model": "easy_thumbnails.thumbnail", "pk": 1, "fields": {"storage_hash": "d26becbf46ac48eda79c7a39a13a02dd", "name": "category_images\\Tinotenda_20200413_145046_TAI0RrJ.jpg.300x0_q85.jpg", "modified": "2022-05-11T16:35:44.767Z", "source": 1}}, {"model": "easy_thumbnails.thumbnail", "pk": 2, "fields": {"storage_hash": "d26becbf46ac48eda79c7a39a13a02dd", "name": "category_images\\263775263456_status_0fb67dd1829c499c913e6fd5ecf38983_zHewIwp.jpg.300x0_q85.jpg", "modified": "2022-05-11T16:35:45.298Z", "source": 2}}, {"model": "easy_thumbnails.thumbnail", "pk": 3, "fields": {"storage_hash": "d26becbf46ac48eda79c7a39a13a02dd", "name": "category_images\\Wendy_20200412_214834.jpg.300x0_q85.jpg", "modified": "2022-05-11T16:35:45.751Z", "source": 3}}, {"model": "easy_thumbnails.thumbnail", "pk": 4, "fields": {"storage_hash": "d26becbf46ac48eda79c7a39a13a02dd", "name": "category_images\\263779225274_status_54f0c0f80d9b4bd381c54c71ddecf436_eODeDOM.jpg.300x0_q85.jpg", "modified": "2022-05-11T16:35:46.438Z", "source": 4}}, {"model": "easy_thumbnails.thumbnail", "pk": 5, "fields": {"storage_hash": "d26becbf46ac48eda79c7a39a13a02dd", "name": "category_images\\TanyaHailgod_20200404_155534_OYAJiAw.jpg.300x0_q85.jpg", "modified": "2022-05-11T16:35:46.813Z", "source": 5}}, {"model": "easy_thumbnails.thumbnail", "pk": 6, "fields": {"storage_hash": "d26becbf46ac48eda79c7a39a13a02dd", "name": "category_images\\263782901796_status_0616a61ff99a4401afd42e4da5890b5a.jpg.300x0_q85.jpg", "modified": "2022-05-11T16:35:47.494Z", "source": 6}}, {"model": "easy_thumbnails.thumbnail", "pk": 7, "fields": {"storage_hash": "d26becbf46ac48eda79c7a39a13a02dd", "name": "category_images\\Tinotenda_20200413_145046_TAI0RrJ.jpg.300x100_q85.jpg", "modified": "2022-05-11T16:40:02.878Z", "source": 1}}, {"model": "easy_thumbnails.thumbnail", "pk": 8, "fields": {"storage_hash": "d26becbf46ac48eda79c7a39a13a02dd", "name": "category_images\\263775263456_status_0fb67dd1829c499c913e6fd5ecf38983_zHewIwp.jpg.300x100_q85.jpg", "modified": "2022-05-11T16:40:03.467Z", "source": 2}}, {"model": "easy_thumbnails.thumbnail", "pk": 9, "fields": {"storage_hash": "d26becbf46ac48eda79c7a39a13a02dd", "name": "category_images\\Wendy_20200412_214834.jpg.300x100_q85.jpg", "modified": "2022-05-11T16:40:03.811Z", "source": 3}}, {"model": "easy_thumbnails.thumbnail", "pk": 10, "fields": {"storage_hash": "d26becbf46ac48eda79c7a39a13a02dd", "name": "category_images\\263779225274_status_54f0c0f80d9b4bd381c54c71ddecf436_eODeDOM.jpg.300x100_q85.jpg", "modified": "2022-05-11T16:40:04.045Z", "source": 4}}, {"model": "easy_thumbnails.thumbnail", "pk": 11, "fields": {"storage_hash": "d26becbf46ac48eda79c7a39a13a02dd", "name": "category_images\\TanyaHailgod_20200404_155534_OYAJiAw.jpg.300x100_q85.jpg", "modified": "2022-05-11T16:40:04.358Z", "source": 5}}, {"model": "easy_thumbnails.thumbnail", "pk": 12, "fields": {"storage_hash": "d26becbf46ac48eda79c7a39a13a02dd", "name": "category_images\\263782901796_status_0616a61ff99a4401afd42e4da5890b5a.jpg.300x100_q85.jpg", "modified": "2022-05-11T16:40:04.748Z", "source": 6}}, {"model": "easy_thumbnails.thumbnail", "pk": 13, "fields": {"storage_hash": "d26becbf46ac48eda79c7a39a13a02dd", "name": "category_images\\Tinotenda_20200413_145046_TAI0RrJ.jpg.300x10_q85.jpg", "modified": "2022-05-11T16:40:18.624Z", "source": 1}}, {"model": "easy_thumbnails.thumbnail", "pk": 14, "fields": {"storage_hash": "d26becbf46ac48eda79c7a39a13a02dd", "name": "category_images\\263775263456_status_0fb67dd1829c499c913e6fd5ecf38983_zHewIwp.jpg.300x10_q85.jpg", "modified": "2022-05-11T16:40:19.218Z", "source": 2}}, {"model": "easy_thumbnails.thumbnail", "pk": 15, "fields": {"storage_hash": "d26becbf46ac48eda79c7a39a13a02dd", "name": "category_images\\Wendy_20200412_214834.jpg.300x10_q85.jpg", "modified": "2022-05-11T16:40:19.515Z", "source": 3}}, {"model": "easy_thumbnails.thumbnail", "pk": 16, "fields": {"storage_hash": "d26becbf46ac48eda79c7a39a13a02dd", "name": "category_images\\263779225274_status_54f0c0f80d9b4bd381c54c71ddecf436_eODeDOM.jpg.300x10_q85.jpg", "modified": "2022-05-11T16:40:19.859Z", "source": 4}}, {"model": "easy_thumbnails.thumbnail", "pk": 17, "fields": {"storage_hash": "d26becbf46ac48eda79c7a39a13a02dd", "name": "category_images\\TanyaHailgod_20200404_155534_OYAJiAw.jpg.300x10_q85.jpg", "modified": "2022-05-11T16:40:20.328Z", "source": 5}}, {"model": "easy_thumbnails.thumbnail", "pk": 18, "fields": {"storage_hash": "d26becbf46ac48eda79c7a39a13a02dd", "name": "category_images\\263782901796_status_0616a61ff99a4401afd42e4da5890b5a.jpg.300x10_q85.jpg", "modified": "2022-05-11T16:40:20.624Z", "source": 6}}, {"model": "easy_thumbnails.thumbnail", "pk": 19, "fields": {"storage_hash": "d26becbf46ac48eda79c7a39a13a02dd", "name": "category_images\\Tinotenda_20200413_145046_TAI0RrJ.jpg.200x0_q85.jpg", "modified": "2022-05-11T16:40:38.483Z", "source": 1}}, {"model": "easy_thumbnails.thumbnail", "pk": 20, "fields": {"storage_hash": "d26becbf46ac48eda79c7a39a13a02dd", "name": "category_images\\263775263456_status_0fb67dd1829c499c913e6fd5ecf38983_zHewIwp.jpg.200x0_q85.jpg", "modified": "2022-05-11T16:40:38.827Z", "source": 2}}, {"model": "easy_thumbnails.thumbnail", "pk": 21, "fields": {"storage_hash": "d26becbf46ac48eda79c7a39a13a02dd", "name": "category_images\\Wendy_20200412_214834.jpg.200x0_q85.jpg", "modified": "2022-05-11T16:40:39.186Z", "source": 3}}, {"model": "easy_thumbnails.thumbnail", "pk": 22, "fields": {"storage_hash": "d26becbf46ac48eda79c7a39a13a02dd", "name": "category_images\\263779225274_status_54f0c0f80d9b4bd381c54c71ddecf436_eODeDOM.jpg.200x0_q85.jpg", "modified": "2022-05-11T16:40:39.858Z", "source": 4}}, {"model": "easy_thumbnails.thumbnail", "pk": 23, "fields": {"storage_hash": "d26becbf46ac48eda79c7a39a13a02dd", "name": "category_images\\TanyaHailgod_20200404_155534_OYAJiAw.jpg.200x0_q85.jpg", "modified": "2022-05-11T16:40:40.358Z", "source": 5}}, {"model": "easy_thumbnails.thumbnail", "pk": 24, "fields": {"storage_hash": "d26becbf46ac48eda79c7a39a13a02dd", "name": "category_images\\263782901796_status_0616a61ff99a4401afd42e4da5890b5a.jpg.200x0_q85.jpg", "modified": "2022-05-11T16:40:40.780Z", "source": 6}}, {"model": "easy_thumbnails.thumbnail", "pk": 25, "fields": {"storage_hash": "d26becbf46ac48eda79c7a39a13a02dd", "name": "category_images\\Tinotenda_20200413_145046_TAI0RrJ.jpg.250x0_q85.jpg", "modified": "2022-05-11T16:41:57.546Z", "source": 1}}, {"model": "easy_thumbnails.thumbnail", "pk": 26, "fields": {"storage_hash": "d26becbf46ac48eda79c7a39a13a02dd", "name": "category_images\\263775263456_status_0fb67dd1829c499c913e6fd5ecf38983_zHewIwp.jpg.250x0_q85.jpg", "modified": "2022-05-11T16:41:58.140Z", "source": 2}}, {"model": "easy_thumbnails.thumbnail", "pk": 27, "fields": {"storage_hash": "d26becbf46ac48eda79c7a39a13a02dd", "name": "category_images\\Wendy_20200412_214834.jpg.250x0_q85.jpg", "modified": "2022-05-11T16:41:58.765Z", "source": 3}}, {"model": "easy_thumbnails.thumbnail", "pk": 28, "fields": {"storage_hash": "d26becbf46ac48eda79c7a39a13a02dd", "name": "category_images\\263779225274_status_54f0c0f80d9b4bd381c54c71ddecf436_eODeDOM.jpg.250x0_q85.jpg", "modified": "2022-05-11T16:41:59.312Z", "source": 4}}, {"model": "easy_thumbnails.thumbnail", "pk": 29, "fields": {"storage_hash": "d26becbf46ac48eda79c7a39a13a02dd", "name": "category_images\\TanyaHailgod_20200404_155534_OYAJiAw.jpg.250x0_q85.jpg", "modified": "2022-05-11T16:41:59.999Z", "source": 5}}, {"model": "easy_thumbnails.thumbnail", "pk": 30, "fields": {"storage_hash": "d26becbf46ac48eda79c7a39a13a02dd", "name": "category_images\\263782901796_status_0616a61ff99a4401afd42e4da5890b5a.jpg.250x0_q85.jpg", "modified": "2022-05-11T16:42:00.577Z", "source": 6}}, {"model": "auth.permission", "pk": 1, "fields": {"name": "Can add log entry", "content_type": 1, "codename": "add_logentry"}}, {"model": "auth.permission", "pk": 2, "fields": {"name": "Can change log entry", "content_type": 1, "codename": "change_logentry"}}, {"model": "auth.permission", "pk": 3, "fields": {"name": "Can delete log entry", "content_type": 1, "codename": "delete_logentry"}}, {"model": "auth.permission", "pk": 4, "fields": {"name": "Can view log entry", "content_type": 1, "codename": "view_logentry"}}, {"model": "auth.permission", "pk": 5, "fields": {"name": "Can add permission", "content_type": 2, "codename": "add_permission"}}, {"model": "auth.permission", "pk": 6, "fields": {"name": "Can change permission", "content_type": 2, "codename": "change_permission"}}, {"model": "auth.permission", "pk": 7, "fields": {"name": "Can delete permission", "content_type": 2, "codename": "delete_permission"}}, {"model": "auth.permission", "pk": 8, "fields": {"name": "Can view permission", "content_type": 2, "codename": "view_permission"}}, {"model": "auth.permission", "pk": 9, "fields": {"name": "Can add group", "content_type": 3, "codename": "add_group"}}, {"model": "auth.permission", "pk": 10, "fields": {"name": "Can change group", "content_type": 3, "codename": "change_group"}}, {"model": "auth.permission", "pk": 11, "fields": {"name": "Can delete group", "content_type": 3, "codename": "delete_group"}}, {"model": "auth.permission", "pk": 12, "fields": {"name": "Can view group", "content_type": 3, "codename": "view_group"}}, {"model": "auth.permission", "pk": 13, "fields": {"name": "Can add user", "content_type": 4, "codename": "add_user"}}, {"model": "auth.permission", "pk": 14, "fields": {"name": "Can change user", "content_type": 4, "codename": "change_user"}}, {"model": "auth.permission", "pk": 15, "fields": {"name": "Can delete user", "content_type": 4, "codename": "delete_user"}}, {"model": "auth.permission", "pk": 16, "fields": {"name": "Can view user", "content_type": 4, "codename": "view_user"}}, {"model": "auth.permission", "pk": 17, "fields": {"name": "Can add content type", "content_type": 5, "codename": "add_contenttype"}}, {"model": "auth.permission", "pk": 18, "fields": {"name": "Can change content type", "content_type": 5, "codename": "change_contenttype"}}, {"model": "auth.permission", "pk": 19, "fields": {"name": "Can delete content type", "content_type": 5, "codename": "delete_contenttype"}}, {"model": "auth.permission", "pk": 20, "fields": {"name": "Can view content type", "content_type": 5, "codename": "view_contenttype"}}, {"model": "auth.permission", "pk": 21, "fields": {"name": "Can add session", "content_type": 6, "codename": "add_session"}}, {"model": "auth.permission", "pk": 22, "fields": {"name": "Can change session", "content_type": 6, "codename": "change_session"}}, {"model": "auth.permission", "pk": 23, "fields": {"name": "Can delete session", "content_type": 6, "codename": "delete_session"}}, {"model": "auth.permission", "pk": 24, "fields": {"name": "Can view session", "content_type": 6, "codename": "view_session"}}, {"model": "auth.permission", "pk": 25, "fields": {"name": "Can add album", "content_type": 7, "codename": "add_album"}}, {"model": "auth.permission", "pk": 26, "fields": {"name": "Can change album", "content_type": 7, "codename": "change_album"}}, {"model": "auth.permission", "pk": 27, "fields": {"name": "Can delete album", "content_type": 7, "codename": "delete_album"}}, {"model": "auth.permission", "pk": 28, "fields": {"name": "Can view album", "content_type": 7, "codename": "view_album"}}, {"model": "auth.permission", "pk": 29, "fields": {"name": "Can add category", "content_type": 8, "codename": "add_category"}}, {"model": "auth.permission", "pk": 30, "fields": {"name": "Can change category", "content_type": 8, "codename": "change_category"}}, {"model": "auth.permission", "pk": 31, "fields": {"name": "Can delete category", "content_type": 8, "codename": "delete_category"}}, {"model": "auth.permission", "pk": 32, "fields": {"name": "Can view category", "content_type": 8, "codename": "view_category"}}, {"model": "auth.permission", "pk": 33, "fields": {"name": "Can add event", "content_type": 9, "codename": "add_events"}}, {"model": "auth.permission", "pk": 34, "fields": {"name": "Can change event", "content_type": 9, "codename": "change_events"}}, {"model": "auth.permission", "pk": 35, "fields": {"name": "Can delete event", "content_type": 9, "codename": "delete_events"}}, {"model": "auth.permission", "pk": 36, "fields": {"name": "Can view event", "content_type": 9, "codename": "view_events"}}, {"model": "auth.permission", "pk": 37, "fields": {"name": "Can add slider_image", "content_type": 10, "codename": "add_slider_images"}}, {"model": "auth.permission", "pk": 38, "fields": {"name": "Can change slider_image", "content_type": 10, "codename": "change_slider_images"}}, {"model": "auth.permission", "pk": 39, "fields": {"name": "Can delete slider_image", "content_type": 10, "codename": "delete_slider_images"}}, {"model": "auth.permission", "pk": 40, "fields": {"name": "Can view slider_image", "content_type": 10, "codename": "view_slider_images"}}, {"model": "auth.permission", "pk": 41, "fields": {"name": "Can add song", "content_type": 11, "codename": "add_song"}}, {"model": "auth.permission", "pk": 42, "fields": {"name": "Can change song", "content_type": 11, "codename": "change_song"}}, {"model": "auth.permission", "pk": 43, "fields": {"name": "Can delete song", "content_type": 11, "codename": "delete_song"}}, {"model": "auth.permission", "pk": 44, "fields": {"name": "Can view song", "content_type": 11, "codename": "view_song"}}, {"model": "auth.permission", "pk": 45, "fields": {"name": "Can add comments", "content_type": 12, "codename": "add_comments"}}, {"model": "auth.permission", "pk": 46, "fields": {"name": "Can change comments", "content_type": 12, "codename": "change_comments"}}, {"model": "auth.permission", "pk": 47, "fields": {"name": "Can delete comments", "content_type": 12, "codename": "delete_comments"}}, {"model": "auth.permission", "pk": 48, "fields": {"name": "Can view comments", "content_type": 12, "codename": "view_comments"}}, {"model": "auth.permission", "pk": 49, "fields": {"name": "Can add sale", "content_type": 13, "codename": "add_sales"}}, {"model": "auth.permission", "pk": 50, "fields": {"name": "Can change sale", "content_type": 13, "codename": "change_sales"}}, {"model": "auth.permission", "pk": 51, "fields": {"name": "Can delete sale", "content_type": 13, "codename": "delete_sales"}}, {"model": "auth.permission", "pk": 52, "fields": {"name": "Can view sale", "content_type": 13, "codename": "view_sales"}}, {"model": "auth.permission", "pk": 53, "fields": {"name": "Can add source", "content_type": 14, "codename": "add_source"}}, {"model": "auth.permission", "pk": 54, "fields": {"name": "Can change source", "content_type": 14, "codename": "change_source"}}, {"model": "auth.permission", "pk": 55, "fields": {"name": "Can delete source", "content_type": 14, "codename": "delete_source"}}, {"model": "auth.permission", "pk": 56, "fields": {"name": "Can view source", "content_type": 14, "codename": "view_source"}}, {"model": "auth.permission", "pk": 57, "fields": {"name": "Can add thumbnail", "content_type": 15, "codename": "add_thumbnail"}}, {"model": "auth.permission", "pk": 58, "fields": {"name": "Can change thumbnail", "content_type": 15, "codename": "change_thumbnail"}}, {"model": "auth.permission", "pk": 59, "fields": {"name": "Can delete thumbnail", "content_type": 15, "codename": "delete_thumbnail"}}, {"model": "auth.permission", "pk": 60, "fields": {"name": "Can view thumbnail", "content_type": 15, "codename": "view_thumbnail"}}, {"model": "auth.permission", "pk": 61, "fields": {"name": "Can add thumbnail dimensions", "content_type": 16, "codename": "add_thumbnaildimensions"}}, {"model": "auth.permission", "pk": 62, "fields": {"name": "Can change thumbnail dimensions", "content_type": 16, "codename": "change_thumbnaildimensions"}}, {"model": "auth.permission", "pk": 63, "fields": {"name": "Can delete thumbnail dimensions", "content_type": 16, "codename": "delete_thumbnaildimensions"}}, {"model": "auth.permission", "pk": 64, "fields": {"name": "Can view thumbnail dimensions", "content_type": 16, "codename": "view_thumbnaildimensions"}}, {"model": "auth.permission", "pk": 65, "fields": {"name": "Can add site_data", "content_type": 17, "codename": "add_sitedata"}}, {"model": "auth.permission", "pk": 66, "fields": {"name": "Can change site_data", "content_type": 17, "codename": "change_sitedata"}}, {"model": "auth.permission", "pk": 67, "fields": {"name": "Can delete site_data", "content_type": 17, "codename": "delete_sitedata"}}, {"model": "auth.permission", "pk": 68, "fields": {"name": "Can view site_data", "content_type": 17, "codename": "view_sitedata"}}, {"model": "auth.permission", "pk": 69, "fields": {"name": "Can add profile", "content_type": 18, "codename": "add_artistprofile"}}, {"model": "auth.permission", "pk": 70, "fields": {"name": "Can change profile", "content_type": 18, "codename": "change_artistprofile"}}, {"model": "auth.permission", "pk": 71, "fields": {"name": "Can delete profile", "content_type": 18, "codename": "delete_artistprofile"}}, {"model": "auth.permission", "pk": 72, "fields": {"name": "Can view profile", "content_type": 18, "codename": "view_artistprofile"}}, {"model": "auth.permission", "pk": 73, "fields": {"name": "Can add Team member", "content_type": 19, "codename": "add_team"}}, {"model": "auth.permission", "pk": 74, "fields": {"name": "Can change Team member", "content_type": 19, "codename": "change_team"}}, {"model": "auth.permission", "pk": 75, "fields": {"name": "Can delete Team member", "content_type": 19, "codename": "delete_team"}}, {"model": "auth.permission", "pk": 76, "fields": {"name": "Can view Team member", "content_type": 19, "codename": "view_team"}}, {"model": "auth.user", "pk": 1, "fields": {"password": "pbkdf2_sha256$180000$WXLdKp5LDnSH$sc76fwiE62UwX1Q4ma11bIY01/uOX6sEVWIVpyo+M0E=", "last_login": "2022-05-28T12:26:32.517Z", "is_superuser": true, "username": "donewell", "first_name": "", "last_name": "", "email": "donewellhart@gmail.com", "is_staff": true, "is_active": true, "date_joined": "2022-05-06T14:22:25Z", "groups": [], "user_permissions": []}}, {"model": "auth.user", "pk": 2, "fields": {"password": "pbkdf2_sha256$180000$bodMthitIk4y$D1RRojVyfPaG/LfQKha8bOTlaprdu6FSKTdWL/Bi4H0=", "last_login": "2022-05-23T15:34:22.269Z", "is_superuser": false, "username": "tanto-wavie", "first_name": "", "last_name": "", "email": "", "is_staff": false, "is_active": true, "date_joined": "2022-05-06T14:38:31Z", "groups": [], "user_permissions": []}}, {"model": "auth.user", "pk": 3, "fields": {"password": "pbkdf2_sha256$180000$OOSKx8M8UCNp$Sz8zeO5E/L7QlOt3L5Se7dbPA02H++KMJPjgfsb28D0=", "last_login": "2022-05-21T08:52:35.647Z", "is_superuser": false, "username": "r.peels", "first_name": "", "last_name": "", "email": "", "is_staff": false, "is_active": true, "date_joined": "2022-05-06T16:20:00.894Z", "groups": [], "user_permissions": []}}, {"model": "auth.user", "pk": 4, "fields": {"password": "pbkdf2_sha256$180000$pL66p2Iyepxv$lMOOynV6FM7f6VUDN2cwUt3j5y+xdk8DreTT7f3shm0=", "last_login": "2022-05-11T10:43:16.967Z", "is_superuser": false, "username": "olivia-rodrygo", "first_name": "olivia", "last_name": "", "email": "oliviarody@gmail.com", "is_staff": false, "is_active": true, "date_joined": "2022-05-09T11:57:20.187Z", "groups": [], "user_permissions": []}}, {"model": "auth.user", "pk": 5, "fields": {"password": "pbkdf2_sha256$180000$bqAvKdAhoB5l$mR3nhXqp9rhrchXLN2F+MC/d5lHalsEiYOcTUaPFynM=", "last_login": "2022-05-20T10:10:07.926Z", "is_superuser": false, "username": "kae-chaps", "first_name": "", "last_name": "", "email": "", "is_staff": false, "is_active": true, "date_joined": "2022-05-18T10:06:45.349Z", "groups": [], "user_permissions": []}}, {"model": "muse.artistprofile", "pk": 1, "fields": {"user": 1, "profile_picture": "profile-pictures/15.png", "phone": 774647140, "address": "24 chapungu new mabvuku", "sex": "male"}}, {"model": "muse.album", "pk": 1, "fields": {"name": "Sungura Museve", "slug": "sungura-museve", "category": 1, "artist": 2, "album_art": "album_arts/Screenshot_196_Mfr5K4N.png", "about_album": "amalgamation of sungura and trap", "created": "2022-05-06T14:40:16.017Z", "album_latest": true, "users_like": []}}, {"model": "muse.album", "pk": 2, "fields": {"name": "single", "slug": "single", "category": 1, "artist": 1, "album_art": "", "about_album": "singles collection", "created": "2022-05-06T16:51:19.937Z", "album_latest": false, "users_like": []}}, {"model": "muse.album", "pk": 3, "fields": {"name": "cat woman", "slug": "cat-woman", "category": 4, "artist": 4, "album_art": "album_arts/Catwoman-Poster.jpg", "about_album": "heart break album", "created": "2022-05-16T06:34:26.775Z", "album_latest": false, "users_like": []}}, {"model": "muse.song", "pk": 1, "fields": {"name": "007", "slug": "007", "album": 1, "category": 1, "artist": 2, "feature": "", "song": "songs/2022/05/06/Tanto_Wavie_-_007_TgSSXMM.mp3", "price": "1.00", "song_art": "song_art/2022/05/06/Screenshot_196_CKex96F.png", "about_song": "from album sungura museve", "status": "free", "created": "2022-05-06T14:41:41.798Z", "plays": [1, 2, 3]}}, {"model": "muse.song", "pk": 2, "fields": {"name": "Dzinga Munyama", "slug": "dzinga-munyama", "album": 1, "category": 1, "artist": 2, "feature": "", "song": "songs/2022/05/06/Tanto_Wavie_-_Dzinga_Munyama_xhyv6ZV.mp3", "price": "1.00", "song_art": "song_art/2022/05/06/Screenshot_196_VvYLxrA.png", "about_song": "from album sungura museve", "status": "purchase", "created": "2022-05-06T14:42:19.365Z", "plays": [1, 2]}}, {"model": "muse.song", "pk": 3, "fields": {"name": "Heart Yangu", "slug": "heart-yangu", "album": 1, "category": 1, "artist": 2, "feature": "", "song": "songs/2022/05/06/Tanto_Wavie_-_Heart_Yangu_Gfn7KN0.mp3", "price": "1.00", "song_art": "song_art/2022/05/06/Screenshot_196_yx8QUUE.png", "about_song": "from album sungura museve", "status": "free", "created": "2022-05-06T14:42:49.723Z", "plays": [1, 2]}}, {"model": "muse.song", "pk": 4, "fields": {"name": "Insecurities", "slug": "insecurities", "album": 1, "category": 1, "artist": 2, "feature": "", "song": "songs/2022/05/06/Tanto_Wavie_-_Insecurities_0oJr6wF.mp3", "price": "1.00", "song_art": "song_art/2022/05/06/Screenshot_196_egjvUrw.png", "about_song": "from album sungura museve", "status": "free", "created": "2022-05-06T14:43:30.450Z", "plays": [2]}}, {"model": "muse.song", "pk": 5, "fields": {"name": "Mabachi", "slug": "mabachi", "album": 1, "category": 1, "artist": 2, "feature": "Denimwoods", "song": "songs/2022/05/06/Tanto_Wavie_-_Mabhachi_zDMPhqm.mp3", "price": "1.00", "song_art": "song_art/2022/05/06/Screenshot_196_NKWUJbB.png", "about_song": "from album sungura museve", "status": "free", "created": "2022-05-06T14:44:04.277Z", "plays": []}}, {"model": "muse.song", "pk": 6, "fields": {"name": "Mhiripiri Sauce", "slug": "mhiripiri-sauce", "album": 1, "category": 1, "artist": 2, "feature": "", "song": "songs/2022/05/06/Tanto_Wavie_-_Mhiripiri_Sauce_2qTsGed.mp3", "price": "1.00", "song_art": "song_art/2022/05/06/Screenshot_196_jiGF1IO.png", "about_song": "from album sungura museve", "status": "free", "created": "2022-05-06T14:45:53.395Z", "plays": []}}, {"model": "muse.song", "pk": 7, "fields": {"name": "Mudhipisi", "slug": "mudhipisi", "album": 1, "category": 1, "artist": 2, "feature": "", "song": "songs/2022/05/06/Tanto_Wavie_-_Mudhipisi_YUjdwO2.mp3", "price": "1.00", "song_art": "song_art/2022/05/06/Screenshot_196_6kYy905.png", "about_song": "from album sungura museve", "status": "free", "created": "2022-05-06T14:46:49.585Z", "plays": []}}, {"model": "muse.song", "pk": 8, "fields": {"name": "Sungura Museve", "slug": "sungura-museve", "album": 1, "category": 1, "artist": 2, "feature": "", "song": "songs/2022/05/06/Tanto_Wavie_-_Sungura_Museve_oKPbEi9.mp3", "price": "1.00", "song_art": "song_art/2022/05/06/Screenshot_196_ZcXoPwc.png", "about_song": "from album sungura museve", "status": "free", "created": "2022-05-06T14:47:28.214Z", "plays": []}}, {"model": "muse.song", "pk": 9, "fields": {"name": "Takura", "slug": "takura", "album": 1, "category": 1, "artist": 2, "feature": "", "song": "songs/2022/05/06/Tanto_Wavie_-_Takura_BUewlwc.mp3", "price": "1.00", "song_art": "song_art/2022/05/06/Screenshot_196_gPf7jxb.png", "about_song": "from album sungura museve", "status": "free", "created": "2022-05-06T14:48:02.785Z", "plays": []}}, {"model": "muse.song", "pk": 10, "fields": {"name": "Usaperere paVanhu Ava", "slug": "usaperere-pavanhu-ava", "album": 1, "category": 1, "artist": 2, "feature": "", "song": "songs/2022/05/06/Tanto_Wavie_-_Usaperere_Pavanhu_Ava_AGx3ztu.mp3", "price": "1.00", "song_art": "song_art/2022/05/06/Screenshot_196_0nDKOtq.png", "about_song": "from album sungura museve", "status": "free", "created": "2022-05-06T14:48:38.064Z", "plays": []}}, {"model": "muse.song", "pk": 11, "fields": {"name": "Zvese", "slug": "zvese", "album": 1, "category": 1, "artist": 2, "feature": "", "song": "songs/2022/05/06/Tanto_Wavie_-_Zvese_fFKCTn8.mp3", "price": "1.00", "song_art": "song_art/2022/05/06/Screenshot_196_8EeJMoc.png", "about_song": "from album sungura museve", "status": "free", "created": "2022-05-06T14:49:13.767Z", "plays": []}}, {"model": "muse.song", "pk": 12, "fields": {"name": "Zvichaenda Nepi", "slug": "zvichaenda-nepi", "album": 1, "category": 1, "artist": 2, "feature": "", "song": "songs/2022/05/06/Tanto_Wavie_-_Zvichaenda_Nepi_JQeyY8y.mp3", "price": "1.00", "song_art": "song_art/2022/05/06/Screenshot_196_sro3Blj.png", "about_song": "from album sungura museve", "status": "free", "created": "2022-05-06T14:50:45.156Z", "plays": []}}, {"model": "muse.song", "pk": 13, "fields": {"name": "Tsotsi", "slug": "tsotsi", "album": 2, "category": 1, "artist": 3, "feature": "", "song": "songs/2022/05/06/10_Tsotsi.mp3", "price": "1.00", "song_art": "song_art/2022/05/06/IMG-20190502-WA0002_n2wCJVv.jpg", "about_song": "r peels single", "status": "free", "created": "2022-05-06T17:56:22.170Z", "plays": [2]}}, {"model": "muse.song", "pk": 14, "fields": {"name": "drivers license", "slug": "drivers-license", "album": 2, "category": 4, "artist": 4, "feature": "", "song": "songs/2022/05/10/008._Olivia_Rodrigo_-_drivers_license.mp3", "price": "1.00", "song_art": "song_art/2022/05/10/263_71_757_8900_20200528_125310.jpg", "about_song": "first single", "status": "free", "created": "2022-05-10T19:42:00.904Z", "plays": [1]}}, {"model": "muse.song", "pk": 16, "fields": {"name": "Kudenga Kure", "slug": "kudenga-kure", "album": 2, "category": 1, "artist": 3, "feature": "slimes", "song": "songs/2022/05/13/12.R.Peels_-_Kudenga_KureProd_By_Trajeeknation.mp3", "price": "1.00", "song_art": "song_art/2022/05/13/ww17.png", "about_song": "blank", "status": "free", "created": "2022-05-13T13:12:37.967Z", "plays": [1]}}, {"model": "muse.song", "pk": 17, "fields": {"name": "surprise", "slug": "surprise", "album": 2, "category": 1, "artist": 3, "feature": "", "song": "songs/2022/05/13/R.Peels_-_SurpriseProd_by_Kandy_Beats.mp3", "price": "1.00", "song_art": "song_art/2022/05/13/bg-music-player.jpg", "about_song": "BLANK", "status": "free", "created": "2022-05-13T14:50:21.273Z", "plays": [1]}}, {"model": "muse.song", "pk": 18, "fields": {"name": "shasha", "slug": "shasha", "album": 2, "category": 5, "artist": 4, "feature": "", "song": "songs/2022/05/18/04_Simndandi_feat__Mpho_Masello.mp3", "price": "1.00", "song_art": "song_art/2022/05/18/263_77_174_9565_20200523_084819.jpg", "about_song": "amapiano", "status": "purchase", "created": "2022-05-18T09:42:45.281Z", "plays": [1, 3]}}, {"model": "muse.song", "pk": 21, "fields": {"name": "kuhope", "slug": "kuhope", "album": 1, "category": 4, "artist": 5, "feature": "", "song": "songs/2022/05/18/kae_chaps_kuhope_official_audio_mp3_41179.mp3", "price": "1.00", "song_art": "song_art/2022/05/18/263785659125_status_a9d4dcd1832849c2848f8f247cf11565.jpg", "about_song": "kuhope", "status": "free", "created": "2022-05-18T10:09:17.810Z", "plays": [1, 2]}}, {"model": "muse.song", "pk": 22, "fields": {"name": "gehena", "slug": "gehena", "album": 2, "category": 4, "artist": 5, "feature": "", "song": "songs/2022/05/18/kae_chaps_gehena_official_music_video_mp3_49508.mp3", "price": "1.00", "song_art": "song_art/2022/05/18/Tinotenda_20200413_145046.jpg", "about_song": "gehena", "status": "free", "created": "2022-05-18T10:15:42.474Z", "plays": [1]}}, {"model": "muse.song", "pk": 23, "fields": {"name": "brutal", "slug": "brutal", "album": 2, "category": 4, "artist": 4, "feature": "blu detiger and Towa bird", "song": "songs/2022/05/20/brutal_mp3_65755.mp3", "price": "1.00", "song_art": "song_art/2022/05/20/Catwoman-Poster.jpg", "about_song": "single", "status": "purchase", "created": "2022-05-20T14:43:43.033Z", "plays": [1]}}, {"model": "muse.song", "pk": 25, "fields": {"name": "2am", "slug": "2am", "album": 2, "category": 4, "artist": 3, "feature": "", "song": "songs/2022/05/21/5.R.Peels_-_2amProd_by_P.J_Sonic.mp3", "price": "1.00", "song_art": "song_art/2022/05/21/WhatsApp_Image_2021-10-01_at_14.44.06.jpeg", "about_song": "", "status": "purchase", "created": "2022-05-21T08:53:48.644Z", "plays": []}}, {"model": "muse.song", "pk": 26, "fields": {"name": "mweya", "slug": "mweya", "album": 2, "category": 1, "artist": 3, "feature": "", "song": "songs/2022/05/21/2.R.Peels-MweyaProd.By_Boy_Tricky.mp3", "price": "1.00", "song_art": "song_art/2022/05/21/18.jpg", "about_song": "", "status": "purchase", "created": "2022-05-21T09:16:40.344Z", "plays": []}}, {"model": "muse.song", "pk": 27, "fields": {"name": "chi-town nights", "slug": "chi-town-nights", "album": 2, "category": 1, "artist": 3, "feature": "", "song": "songs/2022/05/21/4.R.Peels_-_Chi-Town_NightFeat_Beav_CityProd_by_Mzee___Mixed_and_Mastere.mp3", "price": "1.00", "song_art": "song_art/2022/05/21/IMG_20190323_093541_430.jpg", "about_song": "", "status": "purchase", "created": "2022-05-21T09:53:05.749Z", "plays": []}}, {"model": "muse.sales", "pk": 1, "fields": {"song": 1, "artist": 1, "amount": "600.0", "status": "approved", "created": "2022-05-11T10:33:13.655Z", "cleared": false}}, {"model": "muse.sales", "pk": 2, "fields": {"song": 2, "artist": 1, "amount": "700.0", "status": "approved", "created": "2022-05-28T12:31:31.158Z", "cleared": false}}, {"model": "admin.logentry", "pk": 1, "fields": {"action_time": "2022-05-06T14:28:14.589Z", "user": 1, "content_type": 10, "object_id": "1", "object_repr": "slider_images object (1)", "action_flag": 1, "change_message": "[{\"added\": {}}]"}}, {"model": "admin.logentry", "pk": 2, "fields": {"action_time": "2022-05-06T14:32:27.830Z", "user": 1, "content_type": 8, "object_id": "1", "object_repr": "Zim Hip Hop", "action_flag": 1, "change_message": "[{\"added\": {}}]"}}, {"model": "admin.logentry", "pk": 3, "fields": {"action_time": "2022-05-06T14:33:43.268Z", "user": 1, "content_type": 8, "object_id": "2", "object_repr": "zim dancehall", "action_flag": 1, "change_message": "[{\"added\": {}}]"}}, {"model": "admin.logentry", "pk": 4, "fields": {"action_time": "2022-05-06T14:35:04.543Z", "user": 1, "content_type": 8, "object_id": "3", "object_repr": "Gospel", "action_flag": 1, "change_message": "[{\"added\": {}}]"}}, {"model": "admin.logentry", "pk": 5, "fields": {"action_time": "2022-05-06T14:35:29.715Z", "user": 1, "content_type": 8, "object_id": "4", "object_repr": "Pop", "action_flag": 1, "change_message": "[{\"added\": {}}]"}}, {"model": "admin.logentry", "pk": 6, "fields": {"action_time": "2022-05-06T14:35:50.232Z", "user": 1, "content_type": 8, "object_id": "5", "object_repr": "amaPiano", "action_flag": 1, "change_message": "[{\"added\": {}}]"}}, {"model": "admin.logentry", "pk": 7, "fields": {"action_time": "2022-05-06T14:36:48.999Z", "user": 1, "content_type": 8, "object_id": "6", "object_repr": "Alternate", "action_flag": 1, "change_message": "[{\"added\": {}}]"}}, {"model": "admin.logentry", "pk": 8, "fields": {"action_time": "2022-05-06T14:38:31.433Z", "user": 1, "content_type": 4, "object_id": "2", "object_repr": "tanto-wavie", "action_flag": 1, "change_message": "[{\"added\": {}}]"}}, {"model": "admin.logentry", "pk": 9, "fields": {"action_time": "2022-05-06T14:38:43.589Z", "user": 1, "content_type": 4, "object_id": "2", "object_repr": "tanto-wavie", "action_flag": 2, "change_message": "[]"}}, {"model": "admin.logentry", "pk": 10, "fields": {"action_time": "2022-05-06T14:40:16.027Z", "user": 1, "content_type": 7, "object_id": "1", "object_repr": "Sungura Museve", "action_flag": 1, "change_message": "[{\"added\": {}}]"}}, {"model": "admin.logentry", "pk": 11, "fields": {"action_time": "2022-05-06T14:41:41.803Z", "user": 1, "content_type": 11, "object_id": "1", "object_repr": "007", "action_flag": 1, "change_message": "[{\"added\": {}}]"}}, {"model": "admin.logentry", "pk": 12, "fields": {"action_time": "2022-05-06T14:42:19.365Z", "user": 1, "content_type": 11, "object_id": "2", "object_repr": "Dzinga Munyama", "action_flag": 1, "change_message": "[{\"added\": {}}]"}}, {"model": "admin.logentry", "pk": 13, "fields": {"action_time": "2022-05-06T14:42:49.723Z", "user": 1, "content_type": 11, "object_id": "3", "object_repr": "Heart Yangu", "action_flag": 1, "change_message": "[{\"added\": {}}]"}}, {"model": "admin.logentry", "pk": 14, "fields": {"action_time": "2022-05-06T14:43:30.455Z", "user": 1, "content_type": 11, "object_id": "4", "object_repr": "Insecurities", "action_flag": 1, "change_message": "[{\"added\": {}}]"}}, {"model": "admin.logentry", "pk": 15, "fields": {"action_time": "2022-05-06T14:44:04.280Z", "user": 1, "content_type": 11, "object_id": "5", "object_repr": "Mabachi", "action_flag": 1, "change_message": "[{\"added\": {}}]"}}, {"model": "admin.logentry", "pk": 16, "fields": {"action_time": "2022-05-06T14:45:53.400Z", "user": 1, "content_type": 11, "object_id": "6", "object_repr": "Mhiripiri Sauce", "action_flag": 1, "change_message": "[{\"added\": {}}]"}}, {"model": "admin.logentry", "pk": 17, "fields": {"action_time": "2022-05-06T14:46:10.638Z", "user": 1, "content_type": 11, "object_id": "5", "object_repr": "Mabachi", "action_flag": 2, "change_message": "[{\"changed\": {\"fields\": [\"Feature\"]}}]"}}, {"model": "admin.logentry", "pk": 18, "fields": {"action_time": "2022-05-06T14:46:49.607Z", "user": 1, "content_type": 11, "object_id": "7", "object_repr": "Mudhipisi", "action_flag": 1, "change_message": "[{\"added\": {}}]"}}, {"model": "admin.logentry", "pk": 19, "fields": {"action_time": "2022-05-06T14:47:28.234Z", "user": 1, "content_type": 11, "object_id": "8", "object_repr": "Sungura Museve", "action_flag": 1, "change_message": "[{\"added\": {}}]"}}, {"model": "admin.logentry", "pk": 20, "fields": {"action_time": "2022-05-06T14:48:02.800Z", "user": 1, "content_type": 11, "object_id": "9", "object_repr": "Takura", "action_flag": 1, "change_message": "[{\"added\": {}}]"}}, {"model": "admin.logentry", "pk": 21, "fields": {"action_time": "2022-05-06T14:48:38.164Z", "user": 1, "content_type": 11, "object_id": "10", "object_repr": "Usaperere paVanhu Ava", "action_flag": 1, "change_message": "[{\"added\": {}}]"}}, {"model": "admin.logentry", "pk": 22, "fields": {"action_time": "2022-05-06T14:49:13.787Z", "user": 1, "content_type": 11, "object_id": "11", "object_repr": "Zvese", "action_flag": 1, "change_message": "[{\"added\": {}}]"}}, {"model": "admin.logentry", "pk": 23, "fields": {"action_time": "2022-05-06T14:50:45.160Z", "user": 1, "content_type": 11, "object_id": "12", "object_repr": "Zvichaenda Nepi", "action_flag": 1, "change_message": "[{\"added\": {}}]"}}, {"model": "admin.logentry", "pk": 24, "fields": {"action_time": "2022-05-06T16:20:01.224Z", "user": 1, "content_type": 4, "object_id": "3", "object_repr": "r.peels", "action_flag": 1, "change_message": "[{\"added\": {}}]"}}, {"model": "admin.logentry", "pk": 25, "fields": {"action_time": "2022-05-06T16:51:19.947Z", "user": 1, "content_type": 7, "object_id": "2", "object_repr": "single", "action_flag": 1, "change_message": "[{\"added\": {}}]"}}, {"model": "admin.logentry", "pk": 26, "fields": {"action_time": "2022-05-06T17:56:22.170Z", "user": 1, "content_type": 11, "object_id": "13", "object_repr": "Tsotsi", "action_flag": 1, "change_message": "[{\"added\": {}}]"}}, {"model": "admin.logentry", "pk": 27, "fields": {"action_time": "2022-05-06T18:44:53.871Z", "user": 1, "content_type": 9, "object_id": "1", "object_repr": "first event", "action_flag": 1, "change_message": "[{\"added\": {}}]"}}, {"model": "admin.logentry", "pk": 28, "fields": {"action_time": "2022-05-10T19:42:00.929Z", "user": 1, "content_type": 11, "object_id": "14", "object_repr": "drivers license", "action_flag": 1, "change_message": "[{\"added\": {}}]"}}, {"model": "admin.logentry", "pk": 29, "fields": {"action_time": "2022-05-11T10:33:13.655Z", "user": 1, "content_type": 13, "object_id": "1", "object_repr": "song bought 007 for 600", "action_flag": 1, "change_message": "[{\"added\": {}}]"}}, {"model": "admin.logentry", "pk": 30, "fields": {"action_time": "2022-05-12T08:52:30.215Z", "user": 1, "content_type": 11, "object_id": "2", "object_repr": "Dzinga Munyama", "action_flag": 2, "change_message": "[{\"changed\": {\"fields\": [\"Status\"]}}]"}}, {"model": "admin.logentry", "pk": 31, "fields": {"action_time": "2022-05-12T12:14:12.067Z", "user": 1, "content_type": 17, "object_id": "1", "object_repr": "SiteData object (1)", "action_flag": 1, "change_message": "[{\"added\": {}}]"}}, {"model": "admin.logentry", "pk": 32, "fields": {"action_time": "2022-05-12T12:17:20.064Z", "user": 1, "content_type": 17, "object_id": "1", "object_repr": "SiteData object (1)", "action_flag": 3, "change_message": ""}}, {"model": "admin.logentry", "pk": 33, "fields": {"action_time": "2022-05-12T12:17:33.307Z", "user": 1, "content_type": 17, "object_id": "2", "object_repr": "SiteData object (2)", "action_flag": 1, "change_message": "[{\"added\": {}}]"}}, {"model": "admin.logentry", "pk": 34, "fields": {"action_time": "2022-05-12T12:28:34.139Z", "user": 1, "content_type": 11, "object_id": "2", "object_repr": "Dzinga Munyama", "action_flag": 2, "change_message": "[]"}}, {"model": "admin.logentry", "pk": 35, "fields": {"action_time": "2022-05-13T13:10:43.329Z", "user": 1, "content_type": 11, "object_id": "15", "object_repr": "tuka amai", "action_flag": 1, "change_message": "[{\"added\": {}}]"}}, {"model": "admin.logentry", "pk": 36, "fields": {"action_time": "2022-05-13T13:12:37.972Z", "user": 1, "content_type": 11, "object_id": "16", "object_repr": "Kudenga Kure", "action_flag": 1, "change_message": "[{\"added\": {}}]"}}, {"model": "admin.logentry", "pk": 37, "fields": {"action_time": "2022-05-16T14:51:18.071Z", "user": 1, "content_type": 18, "object_id": "1", "object_repr": "ArtistProfile object (1)", "action_flag": 1, "change_message": "[{\"added\": {}}]"}}, {"model": "admin.logentry", "pk": 38, "fields": {"action_time": "2022-05-16T15:04:00.718Z", "user": 1, "content_type": 4, "object_id": "1", "object_repr": "donewell", "action_flag": 2, "change_message": "[{\"changed\": {\"fields\": [\"Email address\"]}}]"}}, {"model": "admin.logentry", "pk": 39, "fields": {"action_time": "2022-05-17T05:13:33.956Z", "user": 1, "content_type": 18, "object_id": "1", "object_repr": "ArtistProfile object (1)", "action_flag": 2, "change_message": "[{\"changed\": {\"fields\": [\"Profile picture\"]}}]"}}, {"model": "admin.logentry", "pk": 40, "fields": {"action_time": "2022-05-17T05:21:52.225Z", "user": 1, "content_type": 18, "object_id": "1", "object_repr": "ArtistProfile object (1)", "action_flag": 2, "change_message": "[{\"changed\": {\"fields\": [\"Profile picture\"]}}]"}}, {"model": "admin.logentry", "pk": 41, "fields": {"action_time": "2022-05-17T05:23:36.166Z", "user": 1, "content_type": 18, "object_id": "1", "object_repr": "ArtistProfile object (1)", "action_flag": 2, "change_message": "[{\"changed\": {\"fields\": [\"Profile picture\"]}}]"}}, {"model": "admin.logentry", "pk": 42, "fields": {"action_time": "2022-05-18T09:42:45.289Z", "user": 1, "content_type": 11, "object_id": "18", "object_repr": "shasha", "action_flag": 1, "change_message": "[{\"added\": {}}]"}}, {"model": "admin.logentry", "pk": 43, "fields": {"action_time": "2022-05-18T09:44:03.273Z", "user": 1, "content_type": 11, "object_id": "19", "object_repr": "gehena", "action_flag": 1, "change_message": "[{\"added\": {}}]"}}, {"model": "admin.logentry", "pk": 44, "fields": {"action_time": "2022-05-18T09:44:27.716Z", "user": 1, "content_type": 11, "object_id": "19", "object_repr": "gehena", "action_flag": 3, "change_message": ""}}, {"model": "admin.logentry", "pk": 45, "fields": {"action_time": "2022-05-18T10:06:12.793Z", "user": 1, "content_type": 11, "object_id": "20", "object_repr": "uchapa", "action_flag": 1, "change_message": "[{\"added\": {}}]"}}, {"model": "admin.logentry", "pk": 46, "fields": {"action_time": "2022-05-18T10:06:45.634Z", "user": 1, "content_type": 4, "object_id": "5", "object_repr": "kae-chaps", "action_flag": 1, "change_message": "[{\"added\": {}}]"}}, {"model": "admin.logentry", "pk": 47, "fields": {"action_time": "2022-05-18T10:09:17.817Z", "user": 1, "content_type": 11, "object_id": "21", "object_repr": "kuhope", "action_flag": 1, "change_message": "[{\"added\": {}}]"}}, {"model": "admin.logentry", "pk": 48, "fields": {"action_time": "2022-05-18T10:15:42.482Z", "user": 1, "content_type": 11, "object_id": "22", "object_repr": "gehena", "action_flag": 1, "change_message": "[{\"added\": {}}]"}}, {"model": "admin.logentry", "pk": 49, "fields": {"action_time": "2022-05-20T10:42:43.952Z", "user": 1, "content_type": 11, "object_id": "20", "object_repr": "uchapa", "action_flag": 3, "change_message": ""}}, {"model": "admin.logentry", "pk": 50, "fields": {"action_time": "2022-05-20T14:21:18.782Z", "user": 1, "content_type": 17, "object_id": "2", "object_repr": "SiteData object (2)", "action_flag": 2, "change_message": "[{\"changed\": {\"fields\": [\"Quote one\", \"Quote two\"]}}]"}}, {"model": "admin.logentry", "pk": 51, "fields": {"action_time": "2022-05-20T14:43:43.045Z", "user": 1, "content_type": 11, "object_id": "23", "object_repr": "brutal", "action_flag": 1, "change_message": "[{\"added\": {}}]"}}, {"model": "admin.logentry", "pk": 52, "fields": {"action_time": "2022-05-27T19:30:12.515Z", "user": 1, "content_type": 10, "object_id": "1", "object_repr": "slider_images object (1)", "action_flag": 2, "change_message": "[{\"changed\": {\"fields\": [\"Image 2\"]}}]"}}, {"model": "admin.logentry", "pk": 53, "fields": {"action_time": "2022-05-27T19:31:02.556Z", "user": 1, "content_type": 10, "object_id": "1", "object_repr": "slider_images object (1)", "action_flag": 2, "change_message": "[{\"changed\": {\"fields\": [\"Image 2\"]}}]"}}, {"model": "admin.logentry", "pk": 54, "fields": {"action_time": "2022-05-27T19:31:43.384Z", "user": 1, "content_type": 10, "object_id": "1", "object_repr": "slider_images object (1)", "action_flag": 2, "change_message": "[{\"changed\": {\"fields\": [\"Image 2\"]}}]"}}, {"model": "admin.logentry", "pk": 55, "fields": {"action_time": "2022-05-28T09:42:31.745Z", "user": 1, "content_type": 19, "object_id": "1", "object_repr": "Donewell Moyo", "action_flag": 1, "change_message": "[{\"added\": {}}]"}}, {"model": "admin.logentry", "pk": 56, "fields": {"action_time": "2022-05-28T09:47:21.378Z", "user": 1, "content_type": 19, "object_id": "1", "object_repr": "Donewell Moyo", "action_flag": 2, "change_message": "[{\"changed\": {\"fields\": [\"Image\"]}}]"}}, {"model": "admin.logentry", "pk": 57, "fields": {"action_time": "2022-05-28T10:12:03.128Z", "user": 1, "content_type": 10, "object_id": "1", "object_repr": "slider_images object (1)", "action_flag": 2, "change_message": "[{\"changed\": {\"fields\": [\"Image 2\"]}}]"}}, {"model": "admin.logentry", "pk": 58, "fields": {"action_time": "2022-05-28T10:14:36.442Z", "user": 1, "content_type": 10, "object_id": "1", "object_repr": "slider_images object (1)", "action_flag": 2, "change_message": "[{\"changed\": {\"fields\": [\"Image 2\"]}}]"}}, {"model": "admin.logentry", "pk": 59, "fields": {"action_time": "2022-05-28T10:16:05.917Z", "user": 1, "content_type": 10, "object_id": "1", "object_repr": "slider_images object (1)", "action_flag": 2, "change_message": "[{\"changed\": {\"fields\": [\"Image 2\"]}}]"}}, {"model": "admin.logentry", "pk": 60, "fields": {"action_time": "2022-05-28T10:20:35.267Z", "user": 1, "content_type": 10, "object_id": "1", "object_repr": "slider_images object (1)", "action_flag": 2, "change_message": "[{\"changed\": {\"fields\": [\"Image 2\"]}}]"}}, {"model": "admin.logentry", "pk": 61, "fields": {"action_time": "2022-05-28T12:28:27.950Z", "user": 1, "content_type": 13, "object_id": "1", "object_repr": "song bought 007 for 600.0", "action_flag": 2, "change_message": "[{\"changed\": {\"fields\": [\"Cleared\"]}}]"}}, {"model": "admin.logentry", "pk": 62, "fields": {"action_time": "2022-05-28T12:28:40.907Z", "user": 1, "content_type": 13, "object_id": "1", "object_repr": "song bought 007 for 600.0", "action_flag": 2, "change_message": "[{\"changed\": {\"fields\": [\"Cleared\"]}}]"}}, {"model": "admin.logentry", "pk": 63, "fields": {"action_time": "2022-05-28T12:31:31.160Z", "user": 1, "content_type": 13, "object_id": "2", "object_repr": "song bought Dzinga Munyama for 700", "action_flag": 1, "change_message": "[{\"added\": {}}]"}}, {"model": "admin.logentry", "pk": 64, "fields": {"action_time": "2022-05-28T17:12:08.524Z", "user": 1, "content_type": 17, "object_id": "2", "object_repr": "SiteData object (2)", "action_flag": 2, "change_message": "[{\"changed\": {\"fields\": [\"What we do\", \"Why work with us\", \"Where we are\"]}}]"}}, {"model": "admin.logentry", "pk": 65, "fields": {"action_time": "2022-05-28T17:15:45.813Z", "user": 1, "content_type": 17, "object_id": "2", "object_repr": "SiteData object (2)", "action_flag": 2, "change_message": "[{\"changed\": {\"fields\": [\"Disk image\"]}}]"}}, {"model": "admin.logentry", "pk": 66, "fields": {"action_time": "2022-05-29T18:42:23.123Z", "user": 1, "content_type": 13, "object_id": "2", "object_repr": "song bought Dzinga Munyama for 700.0", "action_flag": 2, "change_message": "[{\"changed\": {\"fields\": [\"Cleared\"]}}]"}}, {"model": "admin.logentry", "pk": 67, "fields": {"action_time": "2022-05-29T18:42:33.764Z", "user": 1, "content_type": 13, "object_id": "1", "object_repr": "song bought 007 for 600.0", "action_flag": 2, "change_message": "[{\"changed\": {\"fields\": [\"Cleared\"]}}]"}}, {"model": "admin.logentry", "pk": 68, "fields": {"action_time": "2022-05-30T08:06:18.325Z", "user": 1, "content_type": 7, "object_id": "3", "object_repr": "cat woman", "action_flag": 2, "change_message": "[{\"changed\": {\"fields\": [\"Album latest\"]}}]"}}, {"model": "admin.logentry", "pk": 69, "fields": {"action_time": "2022-05-30T08:06:34.574Z", "user": 1, "content_type": 7, "object_id": "1", "object_repr": "Sungura Museve", "action_flag": 2, "change_message": "[{\"changed\": {\"fields\": [\"Album latest\"]}}]"}}, {"model": "admin.logentry", "pk": 70, "fields": {"action_time": "2022-05-30T08:09:23.489Z", "user": 1, "content_type": 7, "object_id": "1", "object_repr": "Sungura Museve", "action_flag": 2, "change_message": "[{\"changed\": {\"fields\": [\"Album latest\"]}}]"}}, {"model": "admin.logentry", "pk": 71, "fields": {"action_time": "2022-05-30T08:09:23.954Z", "user": 1, "content_type": 7, "object_id": "3", "object_repr": "cat woman", "action_flag": 2, "change_message": "[{\"changed\": {\"fields\": [\"Album latest\"]}}]"}}]